{"name":"language_out","identifier":"RZ5RKEIHVP","description":null,"slotTypeValues":[{"sampleValue":{"value":"en"},"synonyms":[{"value":"English"},{"value":"english"},{"value":"ingles"}]},{"sampleValue":{"value":"es"},"synonyms":[{"value":"Spanish"},{"value":"spanish  "},{"value":"español"}]},{"sampleValue":{"value":"it"},"synonyms":[{"value":"Italian"},{"value":"italian"},{"value":"italiano"}]},{"sampleValue":{"value":"pt"},"synonyms":[{"value":"portuguese"},{"value":"Portuguese"},{"value":"portugues"}]},{"sampleValue":{"value":"fr"},"synonyms":[{"value":"frances"},{"value":"french"},{"value":"French"}]},{"sampleValue":{"value":"sr"},"synonyms":[{"value":"Serbian"},{"value":"serbian"},{"value":"serbio"}]},{"sampleValue":{"value":"zh"},"synonyms":[{"value":"Chinese"},{"value":"chinese"},{"value":"chino"}]}],"parentSlotTypeSignature":null,"valueSelectionSetting":{"resolutionStrategy":"TOP_RESOLUTION","regexFilter":null}}