{"name":"styles_image","identifier":"TTGIK1EZZJ","description":null,"slotTypeValues":[{"sampleValue":{"value":"anime"},"synonyms":[{"value":"Anime"},{"value":"anime"}]},{"sampleValue":{"value":"digital-art"},"synonyms":[{"value":"Digital-art"},{"value":"digital-art"}]},{"sampleValue":{"value":"comic-book"},"synonyms":[{"value":"comic-book"},{"value":"Comic-Book"},{"value":"Comic-book"}]},{"sampleValue":{"value":"fantasy-art"},"synonyms":[{"value":"fantasy-art"},{"value":"Fantasy-art"}]},{"sampleValue":{"value":"cinematic"},"synonyms":[{"value":"cinematic"},{"value":"Cinematic"}]}],"parentSlotTypeSignature":null,"valueSelectionSetting":{"resolutionStrategy":"TOP_RESOLUTION","regexFilter":null}}